oligo_id	sequence	center_index	motif	ligation_strategy	role
SL_M0_S0	GGCGUGAUUGUCAUGGACUCUGGAGACCAACUA	16	GGACU	splint_ligation	train
SL_M1_S0	GGCGUGUGGGAGAUGGACAAUAUGCUCCAACUA	16	GGACA	splint_ligation	train
SL_M2_S0	GGCGUGUACUGAAGGAACUGACCUCUCCAACUA	16	GAACU	splint_ligation	train
SL_M3_S0	GGCGUGGUAGUAAAAGACUGGUUAAUGCAACUA	16	AGACU	splint_ligation	train
SL_M4_S0	GGCGUGUGCAGUUAGGACCUCAGUGGCCAACUA	16	GGACC	splint_ligation	train
SL_M5_S0	GGCGUGGGGACCUCUGACUGCUCUGGGCAACUA	16	UGACU	splint_ligation	train
RL_M0_S0	AUUGUCAUGGACUCUGGAGAC	10	GGACU	random_ligation	train
RL_M1_S0	UGCACAGAGGACAAGUAGCUG	10	GGACA	random_ligation	train
RL_M2_S0	UACUGAAGGAACUGACCUCUC	10	GAACU	random_ligation	train
RL_M2_S1	UAGUAAAGGAACUAUGCAAAU	10	GAACU	random_ligation	train
RL_M3_S0	GAAUGUAUAGACUUUAUGUCU	10	AGACU	random_ligation	train
RL_M3_S1	UUCCCAAGAGACUGAGCGGGC	10	AGACU	random_ligation	train
RL_M4_S0	CCCCAGCUGGACCGACUCAGA	10	GGACC	random_ligation	train
RL_M5_S0	GGGACCUCUGACUGCUCUGGG	10	UGACU	random_ligation	train
RL_M5_S1	CUUUCUUCUGACUGUGACCCU	10	UGACU	random_ligation	train
SL_AB	GGCAGGACUGCUAGGCAGGACUGCUA	19	GGACU	splint_ligation	test
SL_BA	GGCAGGACUGCUAGGCAGGACUGCUA	6	GGACU	splint_ligation	test
